Filename,Label,Contrast0,Contrast45,Contrast90,Contrast135,Homogeneity0,Homogeneity45,Homogeneity90,Homogeneity135,Dissimilarity0,Dissimilarity45,Dissimilarity90,Dissimilarity135,Entropy0,Entropy45,Entropy90,Entropy135,ASM0,ASM45,ASM90,ASM135,Energy0,Energy45,Energy90,Energy135,Correlation0,Correlation45,Correlation90,Correlation135
Agaricus_bisporus1.png,Agaricus_bisporus,199.01818181818186,405.2290582593613,254.1410101010101,386.35220895826956,0.7249463595618258,0.6770677669078181,0.7035120872053434,0.6810844727221287,4.235151515151515,6.315273951637588,4.96161616161616,6.2201816141210085,3.928594684213809,4.138495196963619,4.01799238640592,4.102655824081433,0.21220785123966948,0.19382584152103657,0.20586691664115894,0.19820787096544365,0.4606602340550674,0.44025656329126606,0.45372559619351316,0.4452054255795224,0.9744271237008282,0.9483084319790285,0.9673756348148299,0.9507163884663059
Agaricus_bisporus12.png,Agaricus_bisporus,74.9250505050505,147.43679216406488,104.5159595959596,170.32608917457404,0.9266755823775935,0.9228763091079263,0.9209089092625494,0.9128021723171132,1.2381818181818185,1.8079787776757477,1.6066666666666667,2.1997755331088666,1.0167518296471543,1.053643719097206,1.0358510323083387,1.0676327147366793,0.8062150392817061,0.7992531168227525,0.8031354453627183,0.7997928286210556,0.8978947818545925,0.8940095731158322,0.8961782441918116,0.894311371179555,0.9845005661772815,0.9697800295850633,0.9783792177882308,0.9650884334893846
Agaricus_bisporus15.png,Agaricus_bisporus,36.13737373737373,56.423018059381704,39.22262626262626,72.6878889909193,0.8685807860674923,0.8496524952560539,0.8756197329468053,0.8462672373786813,1.4141414141414137,1.8004285277012553,1.311313131313131,2.0202020202020203,2.137117623081931,2.2180432446789613,2.1145047722062724,2.2329687228191712,0.4887851596775838,0.48010896901393557,0.49254565860626465,0.47854222296842575,0.6991317184033233,0.6928989601766881,0.7018159720370182,0.6917674630744248,0.980904062712227,0.9704458214982364,0.9792748844856564,0.9619263392842061
Agaricus_bisporus18.png,Agaricus_bisporus,240.32636363636368,740.2473217018671,457.66717171717175,510.1801856953372,0.5184518615050441,0.4512345721119271,0.48644537932340315,0.46031323771194066,6.306565656565657,11.06029996939088,8.193838383838385,9.16886032037547,6.203584157173446,6.50734309267844,6.330647722616191,6.423690989205779,0.07538702173247634,0.06502924679022976,0.07162512498724624,0.06953324217950892,0.2745669713065946,0.25500832690371067,0.26762870733022315,0.2636915663791865,0.9797622978296536,0.9376172560870175,0.9613999880813087,0.9570056669701427
Agaricus_bisporus20.png,Agaricus_bisporus,347.04121212121214,684.3789409243954,397.4670707070707,599.6639118457302,0.40136939671096766,0.3287392874795268,0.3959806553228252,0.3240161176329849,9.227878787878788,13.518212427303336,9.867878787878789,13.21538618508316,7.226094676511082,7.51159284284933,7.2724768704941765,7.518301584872667,0.039563228242016135,0.034789104526886404,0.03746932455871849,0.0352836048111422,0.19890507344463623,0.18651837584239897,0.19356994745754955,0.1878393058205396,0.9576380476042915,0.9158346808747851,0.9512456354504355,0.9262529842893775
Agaricus_bisporus23.png,Agaricus_bisporus,63.214949494949494,98.98438934802572,65.8220202020202,121.98694010815221,0.7755847769594585,0.7468436674150809,0.7735114833842358,0.7298163320915315,2.296565656565657,2.91786552392613,2.238787878787879,3.4094480155086218,3.1822495399431134,3.2769531645958976,3.1691629556578516,3.3235148570139987,0.41618889909192935,0.41140885021997947,0.42113015508621565,0.41125301467783515,0.6451270410484506,0.6414116074877189,0.6489454176479064,0.6412901174022839,0.9847830772744978,0.9763575207188817,0.9841602475093427,0.9708633480181029
Agaricus_bisporus24.png,Agaricus_bisporus,262.84787878787876,397.74390368329745,244.64525252525254,460.0567289052136,0.7514372343118717,0.7314851712139465,0.7441560586349244,0.7206503351142364,4.596565656565656,6.0536679930619295,4.498383838383839,6.5460667278849085,3.175542602990322,3.274527636325179,3.1828410466323644,3.3008987450096363,0.4471623915926946,0.4382358354788498,0.4462209468421588,0.43715505855578124,0.6687020200303679,0.6619938334145189,0.6679977146983055,0.6611770251269937,0.9792842436517619,0.9688461532674815,0.9807188421438384,0.963965414207859
Agaricus_bisporus25.png,Agaricus_bisporus,137.72757575757578,254.94123048668504,140.91090909090903,228.08988878685852,0.833552781960492,0.8237735929479695,0.8451489312297965,0.8195086430440297,2.867373737373738,3.804815835118866,2.693737373737373,3.726660544842363,2.334497017585379,2.384825247453485,2.290438574350963,2.3950745581025417,0.5256308795020918,0.5216202959244023,0.5299591011121315,0.517565063590052,0.7250040548176898,0.7222328543651294,0.7279828989146184,0.7194199493967707,0.9800036368764947,0.9633021397632668,0.9795448664987652,0.9671672924613529
Agaricus_bisporus28.png,Agaricus_bisporus,83.39060606060609,107.5741250892766,55.9611111111111,120.78349148046118,0.5369779267264241,0.4499167747384764,0.5364086731984404,0.4498317788814038,3.8562626262626276,5.169064381185593,3.6895959595959598,5.17426793184369,6.334704748509307,6.57690946414087,6.299784868680062,6.595437113879877,0.023740235690235704,0.022507156780715746,0.025236935006631975,0.02221884098810696,0.15407866721332875,0.1500238540390019,0.15886137040398454,0.14905985706455968,0.9753338286823424,0.9680890338169706,0.9834163643652988,0.9641724970833896
Agaricus_bisporus29.png,Agaricus_bisporus,103.24767676767678,180.18079787776756,119.35333333333334,220.07305377002348,0.8444758785497659,0.8188937029226737,0.8365474520910218,0.819588642805168,2.154343434343435,3.1025405570860114,2.270303030303031,3.1825323946536073,2.3428671078190377,2.438225553193321,2.3569360661804124,2.434048988619783,0.5384590909090912,0.5290447750246223,0.537238133863892,0.5283668781843057,0.7337977179775712,0.7273546418526676,0.7329653019508441,0.7268884908872238,0.988683486870073,0.9804177212142834,0.9869179220430968,0.9760821799941628
Agaricus_bisporus3.png,Agaricus_bisporus,113.69343434343435,259.64544434241395,123.9589898989899,171.16671768186916,0.6955508509485167,0.6356803756106318,0.6797851615138736,0.6601606851641871,3.024545454545455,5.04917865523926,3.3664646464646464,3.743801652892561,4.524071233826648,4.765253913620386,4.579958866025458,4.681560816837789,0.16169453117028873,0.14928693072543567,0.1583608050198959,0.15043988158976418,0.40211258519261583,0.3863766694890307,0.3979457312497471,0.3878658035838738,0.9854226833323293,0.9669248773925414,0.984104986783579,0.9781958039434036
Agaricus_bisporus30.png,Agaricus_bisporus,416.4367676767677,683.2019181716153,273.8151515151515,551.8869503111928,0.5501637319284332,0.48257925292757264,0.5507776028668218,0.5039454953427531,7.50060606060606,10.407713498622593,6.1989898989898995,9.298847056422813,5.791495022920817,6.011822447433072,5.738238352611507,5.960684963832863,0.10904475563717989,0.10081243206496349,0.11024494439342925,0.10125500104877595,0.3302192538862322,0.31750973538611926,0.3320315412629186,0.3182059098269169,0.9785901192229156,0.9648534504308526,0.985922563874933,0.9716088003564337
Agaricus_bisporus31.png,Agaricus_bisporus,74.09171717171718,115.62258953168042,49.47202020202021,93.51464136312622,0.8645185889640968,0.8480898919489616,0.8769919757956844,0.8443789791546272,1.4274747474747478,1.851341699826548,1.127575757575758,1.732578308335884,2.1356026871992624,2.2196162054375606,2.084738513492106,2.225860562357489,0.4474669013365985,0.4373711275357056,0.45167102336496306,0.435178280617676,0.6689296684529686,0.6613404021649559,0.6720647464083822,0.6596804382560362,0.9421661178558589,0.9106049623309734,0.9613839033774965,0.927697996376637
Agaricus_bisporus32.png,Agaricus_bisporus,189.24666666666667,345.28660340781556,232.40747474747485,362.3197632894603,0.6907439273308643,0.6382135849335567,0.6645080970787969,0.6407427081907067,3.9870707070707074,6.1189674523007875,4.672929292929294,6.201203958779717,4.287162074023138,4.4693711993708,4.340633961145507,4.476096652071087,0.2704212835424957,0.26466401312660043,0.27333413427201325,0.2625527561789478,0.5200204645420176,0.5144550642442938,0.5228136707011526,0.5123990204703243,0.9847962709978639,0.9724023018817658,0.9813307155222242,0.9710408937072993
Agaricus_bisporus33.png,Agaricus_bisporus,255.99111111111108,447.49454137332907,267.27555555555557,413.86940108152226,0.8314004853828163,0.8154567361378008,0.8322726739177269,0.8172804067684973,3.916363636363635,5.707376798285886,4.039393939393939,5.260075502499744,2.116590080323146,2.192247289575761,2.121253970101124,2.1869791516436474,0.6238228599122534,0.6154978511726272,0.623023344556678,0.6156557010891598,0.7898245754040915,0.784536711169482,0.7893182783622067,0.7846373054406474,0.9721617986461887,0.9517250916000399,0.9709346519876704,0.9553525114173659
Agaricus_bisporus34.png,Agaricus_bisporus,7.106363636363636,12.928680746862568,7.620101010101011,12.474441383532293,0.7961100709735072,0.7317407957289026,0.7828002577918742,0.7412876707142736,0.799090909090909,1.1657994082236507,0.866969696969697,1.1625344352617082,3.0148264527695954,3.2320599922132205,3.0509374355417007,3.208273640459548,0.19698482297724723,0.17515919621610757,0.19262403836343228,0.17952488164093042,0.4438297229538004,0.4185202458855576,0.4388895514402596,0.4237037663756724,0.9417078686429079,0.8948381645971885,0.9374950689782567,0.8985329456885699
Agaricus_bisporus35.png,Agaricus_bisporus,441.1053535353536,581.8786858483828,307.1462626262627,627.7051321293744,0.5761646815847532,0.5281731286037425,0.5745866717692718,0.5140282824508381,7.391414141414142,9.138353229262318,6.295555555555556,9.816753392510966,5.502722495537028,5.661772462815539,5.496254368207942,5.7037716904917275,0.17003677175798398,0.1639849774100144,0.17028256810529543,0.16461816763115647,0.4123551524571798,0.4049505863806279,0.41265308444902654,0.4057316448481144,0.9623339375530564,0.9505530134700326,0.9737635951774124,0.94665734585694
Agaricus_bisporus36.png,Agaricus_bisporus,157.08242424242425,258.5106621773288,142.94333333333333,250.67554331190692,0.7935787813511366,0.7713958026127938,0.7958422125328537,0.7692145744471516,3.6771717171717184,4.893480257116621,3.3318181818181816,4.829609223548617,2.730045562402348,2.8277655348575874,2.7390669020167775,2.8335038590812105,0.5165173196612592,0.5066113224850891,0.5110372053872055,0.5060326036540584,0.7186913938967541,0.7117663398089917,0.7148686630334313,0.7113596865538969,0.9620535535701599,0.9380487008843078,0.9655116165871644,0.9399263634470447
Agaricus_bisporus37.png,Agaricus_bisporus,462.9767676767678,840.1621263136417,403.5516161616162,628.6596265687175,0.393162219353773,0.3232204637310968,0.3855661019108267,0.3540508964258673,9.983232323232324,14.338434853586373,9.313434343434343,12.360881542699724,7.231918625137688,7.527435254404621,7.264631295106857,7.436957115716995,0.04216931435567798,0.03646578752705835,0.03919913274155698,0.036981352858211455,0.20535168456985683,0.19096017261999515,0.19798770856181194,0.1923053635710961,0.957934022164595,0.9231662183419652,0.9632223844363903,0.9425083624074589
Agaricus_bisporus38.png,Agaricus_bisporus,306.3619191919191,432.32231404958674,141.50494949494953,344.05856545250487,0.5797918676464503,0.5374372406001846,0.6043824664142174,0.5278271128974853,5.88919191919192,7.40914192429344,4.441111111111112,6.932149780634629,5.679345695085803,5.826310406428167,5.562083992043881,5.832228771837679,0.06523129782675234,0.06130963941855226,0.06831764615855528,0.06036068169802205,0.25540418521776875,0.24760783391999588,0.2613764453017052,0.24568410957573558,0.9535260084296207,0.9348520964993243,0.9785457607721862,0.9481529842113898
Agaricus_bisporus39.png,Agaricus_bisporus,104.4147474747475,172.6333027242118,89.53949494949497,175.4360779512294,0.8142345683705987,0.7747005225938196,0.8158994071418899,0.7880404823888872,1.8545454545454547,2.7916539128660336,1.8823232323232326,2.6335067850219356,3.114404761712182,3.257411619489978,3.1091292995615207,3.2380929910326866,0.26306403428221625,0.25078114263664286,0.26453647076828907,0.2529557560831425,0.5128976840289068,0.5007805334042477,0.514331090610211,0.5029470708565092,0.9873564442529031,0.979266456997607,0.989158516346767,0.978929839092612
Agaricus_bisporus4.png,Agaricus_bisporus,132.65373737373736,234.70707070707076,163.0745454545455,268.4752576267727,0.784824490046297,0.7542772329527023,0.7798642856042262,0.7505865178303678,2.8410101010101005,4.135496377920621,3.3206060606060612,4.470972349760228,2.7920311290185396,2.916613022769849,2.815274217192013,2.9272286477508045,0.48211329966329936,0.4739924903498195,0.48014908172635457,0.47244472731049536,0.6943437906853487,0.6884711252840017,0.6929279051433522,0.6873461481018828,0.9859336999460341,0.9752635497239122,0.9827079467722415,0.9717046238077204
Agaricus_bisporus40.png,Agaricus_bisporus,297.39171717171723,543.9393939393939,337.4232323232323,553.1762065095398,0.6595173443626637,0.6232722027940598,0.6517019650306128,0.6172051683200442,6.085454545454546,9.038669523518008,6.663838383838382,9.267829813284358,4.1268754609332925,4.285633712753712,4.151004377813109,4.301267432297179,0.3206172482399755,0.3061197391398701,0.3200197071727372,0.30545286670511995,0.5662307376326152,0.5532808862954423,0.5657028435254123,0.5526779050270781,0.971977952922222,0.9490333378138259,0.9682059413381777,0.948167856270873
Agaricus_bisporus42.png,Agaricus_bisporus,381.96969696969694,526.9714314865828,185.32373737373734,451.7389041934495,0.6659405298002662,0.6294320861828927,0.6899071273064911,0.6378254431669058,6.563232323232323,8.126007550249971,4.2023232323232325,7.480155086215691,4.474472416046849,4.585958398920353,4.329727819323253,4.5512590047752655,0.2245759004183247,0.21829250571215666,0.23325060708091017,0.22070984346478797,0.47389439796047883,0.46721783539603523,0.4829602541420051,0.46979766225981584,0.9661203147688601,0.9533740299644462,0.9835007312327856,0.9600305379906466
Agaricus_bisporus43.png,Agaricus_bisporus,146.63171717171718,229.31802877257417,147.1175757575758,221.2143658810325,0.917948999983115,0.9016901864931811,0.9164899188436113,0.9002558415282927,1.5701010101010102,2.231200897867564,1.6290909090909091,2.1830425466789096,1.3241313281963447,1.3934103030871385,1.337657552355159,1.39149313250449,0.7097240128558315,0.7023366774134315,0.7086850015304562,0.7026884225763126,0.84245119315948,0.8380552949617535,0.8418343076463778,0.838265126661197,0.9357814782719084,0.9005014433007635,0.935568692656664,0.9040175330125115
Agaricus_bisporus44.png,Agaricus_bisporus,631.7883838383838,941.5636159575556,528.300202020202,992.586368737884,0.6769762011079613,0.6282265385532301,0.669468256215922,0.6279515885892676,7.333636363636363,10.318640955004593,7.159393939393939,10.412508927660443,4.349732838036857,4.533931503851154,4.392273505897882,4.532473494755753,0.2755002652790531,0.2641908433494328,0.272766350372411,0.2667215482187981,0.5248811915843937,0.5139949837784731,0.5222703805237389,0.516450915594888,0.9377304413308258,0.9076743537987166,0.9479351653431852,0.9026712838610347
Agaricus_bisporus45.png,Agaricus_bisporus,27.28858585858586,48.91123354759718,23.0020202020202,45.3803693500663,0.8095533105580361,0.7747898034473334,0.7984073757657061,0.7658359862782385,1.340909090909091,1.98847056422814,1.4272727272727272,1.9607182940516266,3.116069850052739,3.2524632033971375,3.1388162411803533,3.2762647948021946,0.3030698602183452,0.29438231270604603,0.3043887766554432,0.29323001247943964,0.5505178109910207,0.5425700993475829,0.5517143977235353,0.5415071675236068,0.9821333425351705,0.9682478456430599,0.9849417331172008,0.9705400927300176
Agaricus_bisporus46.png,Agaricus_bisporus,54.52444444444444,187.16947250280583,127.64505050505052,140.0048974594429,0.7690075383142255,0.7179551186373738,0.7426227648810204,0.7226996304440033,2.2684848484848485,4.188144066931946,3.1503030303030304,3.6839098051219263,3.196176103074289,3.3647495676589205,3.25682319578534,3.3373591380960907,0.4427403326191204,0.4313701344647477,0.4416380522395672,0.43391669927923204,0.6653873553195314,0.6567877392771181,0.6645585393624607,0.6587235378208616,0.9915805971814425,0.9713043325779288,0.9802896644074546,0.9785353138990273
Agaricus_bisporus47.png,Agaricus_bisporus,401.00686868686876,565.746352413019,266.2032323232324,618.0155086215693,0.7012529825619522,0.6931616431374298,0.7053702904186875,0.6602288251815421,5.804848484848485,6.897051321293746,4.794343434343435,7.969799000102031,3.785991467985534,3.863250919901746,3.757293365720271,3.9407398008013668,0.36154892868074706,0.35465542377174775,0.36373794000612186,0.35270375003951976,0.6012893884651109,0.5955295322414731,0.6031069059512765,0.5938886680511085,0.9730482968517453,0.9621709636027529,0.9821084598421578,0.958675948912454
Agaricus_bisporus48.png,Agaricus_bisporus,182.7456565656566,286.7056422813997,95.44080808080808,183.46209570451987,0.9641129411512342,0.960052028807564,0.9669790142996677,0.9635529006623353,1.4232323232323236,1.9961228446076928,0.928888888888889,1.4251606978879703,0.4734780083581599,0.49610137280692024,0.46293635389887566,0.4806564750748263,0.9078906744209779,0.9046516079116335,0.9096243954698501,0.9069827439737119,0.9528329729921073,0.9511317510795407,0.9537423108313116,0.952356416460619,0.945018620694291,0.9145726007867854,0.9712854063459012,0.9453352589592205
Agaricus_bisporus49.png,Agaricus_bisporus,207.7237373737374,394.31772268135904,262.7289898989898,397.81348841954906,0.6150714837932525,0.5382745656870576,0.5943000132156182,0.5422462933172592,5.184747474747475,7.854096520763189,5.919494949494949,7.901438628711357,5.315694186568018,5.631334467303173,5.431906678752,5.605746790969784,0.06008928170594836,0.048588245749636244,0.054289536781961016,0.04930614900222208,0.24513115205119965,0.22042741605715982,0.23300115188977288,0.2220498795366079,0.9430263630914069,0.892575347608887,0.9285718406304709,0.8916229901629367
Agaricus_bisporus5.png,Agaricus_bisporus,300.36737373737367,518.7037037037037,328.96343434343424,561.6785021936537,0.49683501833250715,0.43712041648273386,0.4944262637316275,0.4370328955140455,7.761717171717169,10.701459034792368,8.043030303030301,11.324048566472811,6.466813375162844,6.6814373670409335,6.468609054549226,6.71158032395156,0.05096596265687171,0.04671329521762222,0.05229617896133045,0.045541559140975414,0.22575642329039436,0.21613258712563965,0.22868357825023303,0.21340468397149912,0.9733965638159324,0.954075837534687,0.9708432165117634,0.9502710032648051
Agaricus_bisporus50.png,Agaricus_bisporus,158.8294949494949,396.998265483114,351.05393939393934,491.39251096826854,0.7823901846964062,0.7430455140011525,0.7336904722440661,0.7180256689464258,2.3983838383838374,4.2489541883481285,4.238787878787877,5.503520048974594,3.1987337895606305,3.3463543130762115,3.3375408294842828,3.4264446216878963,0.4247306601367205,0.4130072536945058,0.4156490307111518,0.4103546765721001,0.6517136335360191,0.6426564040718071,0.6447084850621649,0.6405893197455762,0.9874764324204449,0.9688803097111366,0.9724288662283067,0.9614809834672946
Agaricus_bisporus51.png,Agaricus_bisporus,168.0476767676768,320.72727272727263,238.80040404040403,373.015202530354,0.7388854933189669,0.6958343012353426,0.7347139318836942,0.6991875224003704,3.6694949494949505,5.561065197428832,4.1983838383838386,5.843281297826753,3.4601277768167376,3.610361417500832,3.462154879442278,3.6214224317591235,0.3840716202428326,0.36982260627961583,0.3865371645750435,0.3690667422197598,0.6197351210338434,0.6081304188080183,0.6217211308738376,0.6075086355104427,0.9775855652552907,0.9575389905945135,0.9681484672901862,0.9506166036696886
Agaricus_bisporus52.png,Agaricus_bisporus,355.28404040404047,596.7284970921335,325.7628282828283,541.4202632384449,0.7626621004250573,0.7402529304727004,0.7631795380199765,0.7399040102438574,5.855353535353535,7.923885317824712,5.459595959595959,7.66125905519845,2.960953611818832,3.065842306772775,2.9561578379676905,3.042475365339827,0.4968745434139373,0.48512021718682763,0.49503062442607887,0.4886779875340102,0.7048932851247324,0.6965057194214759,0.7035841274688329,0.6990550675976894,0.966471044411078,0.9440827037028444,0.969257027730277,0.9492654407685946
Agaricus_bisporus53.png,Agaricus_bisporus,373.4822222222222,623.6300377512496,325.41838383838376,558.9654116926844,0.6658876976792654,0.6233990982731706,0.6616029321641382,0.624582305248498,7.6202020202020195,10.753596571778388,7.022020202020201,10.141414141414138,4.235045847645856,4.400231915327004,4.2324701996623535,4.39095672494795,0.3245661667176819,0.31420739505257766,0.3246677685950413,0.31421514024402397,0.569707088526799,0.5605420546690298,0.5697962518260727,0.560548963288689,0.9598157673789718,0.9332729487849296,0.9649890312176246,0.9401919224610089
Agaricus_bisporus54.png,Agaricus_bisporus,155.41727272727275,306.39557188042033,190.37050505050507,297.32098765432085,0.7487313460192122,0.7157838092908787,0.7375094982399826,0.710826605708227,3.3633333333333333,4.8477706356494235,3.764848484848485,4.978981736557492,3.4175459587379238,3.5669807406535585,3.469586619769125,3.5593875292074615,0.36588800632588514,0.3502094964979086,0.3602208346087133,0.351839161813716,0.6048867714918926,0.5917850086795953,0.6001840006270688,0.5931603171265893,0.9751935885683876,0.9514864419930541,0.9696142530798321,0.9529232785815852
Agaricus_bisporus56.png,Agaricus_bisporus,21.63161616161616,32.633710845832056,22.573939393939394,36.65483113967962,0.6295042532327281,0.5528005880016024,0.6349756066901358,0.5547483309630243,2.1085858585858586,2.8422609937761454,2.14020202020202,2.888276706458525,5.434635322434301,5.673161511245658,5.424647902222587,5.66316711041845,0.0328305019895929,0.027816147185537446,0.03287761963064993,0.027789252424648313,0.1811918927258968,0.1667817351676659,0.18132186749162366,0.16670108705298928,0.9877765925399689,0.9815541219817423,0.9873090811009018,0.9792778524497564
Agaricus_bisporus57.png,Agaricus_bisporus,15.003939393939394,28.13651668197123,23.225959595959594,42.37996122844608,0.8744902123133126,0.8545421307098844,0.8758873355186846,0.8458615883341729,0.8388888888888888,1.1131517192123253,0.9293939393939393,1.372921130496888,2.0837162333763812,2.165780678294024,2.0702203208574415,2.202743531493104,0.4746426283032343,0.46380787069894247,0.4773338281807979,0.4600025353009743,0.6889431241425045,0.6810344122722012,0.6908934998831571,0.6782348673586269,0.9673943877052266,0.9394177729624669,0.9495256209751687,0.9087494567289947
Agaricus_bisporus58.png,Agaricus_bisporus,336.74363636363637,541.4925007652279,243.02262626262632,457.11906948270575,0.7438257777879304,0.709643711710355,0.7460177818431271,0.7195291505696412,5.304040404040404,7.568003264972958,4.597979797979798,6.51872257932864,3.2690632276821656,3.39362010890089,3.247218696370061,3.3649833830355624,0.4326366340169373,0.42301365586559087,0.43531993674114905,0.42449662059287546,0.657751194614603,0.6503949998774521,0.6597877967507045,0.6515340517523819,0.9716920079156288,0.9547791649747742,0.9795705639611951,0.9618253142956736
Agaricus_bisporus59.png,Agaricus_bisporus,212.05090909090904,437.3696561575351,316.2024242424243,504.78583817977744,0.712491334820143,0.6482089040474472,0.6774224258114249,0.6563006600433798,3.9666666666666655,7.157841036628916,5.82,7.400469339863278,3.9858133850780186,4.237831790666491,4.126085277996354,4.229551374391728,0.3167500102030403,0.30594187560699954,0.31465431078461387,0.305610701006347,0.5628054816746548,0.5531201276458845,0.560940559047582,0.5528206770792379,0.9796456023123792,0.9582067604287036,0.9696482796493885,0.9517647482621738
Agaricus_bisporus60.png,Agaricus_bisporus,455.8367676767678,703.5809611264158,414.86191919191924,749.8174676053461,0.5638335298003281,0.5030227449548748,0.5712217198035974,0.5112603506413351,8.862222222222226,12.034996428935822,8.31121212121212,12.160697887970612,5.458306942073495,5.671485408795682,5.42461055930432,5.669682938923322,0.16345448423630254,0.15326580942179852,0.164058407305377,0.152336282346207,0.40429504601998595,0.3914917743986437,0.4050412414870577,0.39030280852974525,0.9458167845496942,0.916630805084677,0.9506896036054279,0.9111521174370261
Agaricus_bisporus61.png,Agaricus_bisporus,204.53636363636366,438.0238751147843,292.97232323232316,451.3702683399653,0.7964276963073585,0.7592320281895508,0.784788531534506,0.7610312678934565,3.392727272727273,5.56045301499847,4.259191919191918,5.6459544944393425,2.885005019948551,3.020319584371634,2.926511533205045,3.023032820004897,0.4498622895622897,0.43989113592091666,0.44860217834914784,0.4406967607537741,0.6707177420959503,0.6632428936075506,0.6697777081608105,0.6638499534938405,0.9893709550152084,0.9773751981819028,0.9847752451076545,0.9766858305038806
Agaricus_bisporus62.png,Agaricus_bisporus,480.87858585858567,534.7554331190695,158.59777777777776,636.2058973574126,0.8450498233250103,0.8258454457600635,0.8564599409235706,0.8218237576438876,4.164646464646464,4.6605448423630245,2.46060606060606,5.433731251913071,2.28541451648283,2.370318949183245,2.2512128663676165,2.3825103506145124,0.5267494439342921,0.5169735454137477,0.5311497908376697,0.5178297221950776,0.7257750642825173,0.7190087241569102,0.7288002406953977,0.7196038647721937,0.9132484414338846,0.9043866758178355,0.9713943604161426,0.8862475125201865
Agaricus_bisporus63.png,Agaricus_bisporus,274.35616161616167,568.6023875114784,389.9026262626264,615.5649423528212,0.7704576106322271,0.7271273212699585,0.758872314721562,0.7200129617542013,4.344040404040404,6.836649321497804,4.750707070707072,7.188654218957248,3.1214493563928656,3.2801553427771415,3.1719880650482515,3.300556710711592,0.44583133863891466,0.4351057423192918,0.4459221967146211,0.43402450734726644,0.6677060271099211,0.6596254560879923,0.6677740611274303,0.6588053637814938,0.9811905765266845,0.9612747924138446,0.9732688940990798,0.958076362852255
Agaricus_bisporus64.png,Agaricus_bisporus,535.9233333333334,752.7979797979798,287.0892929292929,704.2059993878175,0.6846997798304522,0.6327701767852775,0.7124726894899558,0.6605482183590423,5.660101010101009,7.101418222630343,3.7426262626262625,6.751045811651872,4.666765608317474,4.830561115908481,4.525140860123978,4.768081624929774,0.15177312519130695,0.14820631516052205,0.15395195388225694,0.1481711755184159,0.38958070433647884,0.3849757332099285,0.39236711620911474,0.38493009172889553,0.9730512337291909,0.9621523151998751,0.985575562662621,0.9645953264827575
Agaricus_bisporus65.png,Agaricus_bisporus,127.70040404040407,186.4540353025201,85.0107070707071,196.05876951331493,0.9517448115929451,0.9496468281390633,0.9561570125922993,0.9472152972348767,1.314949494949495,1.624119987756351,0.9795959595959598,1.7822671156004481,0.6640677532504482,0.683324142657674,0.6505102188461387,0.6823514562317183,0.867570574431181,0.8640049368932937,0.8687066931945724,0.8647619252551335,0.9314346860790514,0.9295186587117515,0.9320443622460105,0.9299257633032507,0.9681141887670199,0.9538868204015271,0.9787734786055876,0.951511410113735
Agaricus_bisporus66.png,Agaricus_bisporus,5.9,6.9299051117232935,4.212929292929293,10.039179675543313,0.9805264397797289,0.9794538635653429,0.9822231905328854,0.9783273754972577,0.2525252525252526,0.2895622895622896,0.21555555555555556,0.36363636363636365,0.2555875052454675,0.2619923390286903,0.24816160928117661,0.26793431795010036,0.9479819406183045,0.9468674817835233,0.9495556983981227,0.9456781576679669,0.9736436414922579,0.9730711596710301,0.9744514859130354,0.9724598488719043,0.8781137626432287,0.8582489624704123,0.9129664237685973,0.7946488282290011
Agaricus_bisporus67.png,Agaricus_bisporus,146.2418181818182,336.95173961840624,181.7957575757576,239.0725436179981,0.8460456338424288,0.8213940558873962,0.8401383004450308,0.8342543919928167,2.3939393939393936,3.9536781961024374,2.7167676767676765,3.158861340679522,2.113809663634563,2.229111473746991,2.1427248278558437,2.1829695830697573,0.597741286603408,0.5860489104051138,0.5970960463218038,0.5904341566024198,0.7731373012624653,0.7655383141326851,0.7727199015955288,0.7683971346917035,0.9851080413133423,0.9659691782736436,0.9814875461418163,0.9758545982853674
Agaricus_bisporus68.png,Agaricus_bisporus,400.6082828282829,578.5260687684929,299.859393939394,586.2469135802469,0.6543337257249993,0.6185313089409749,0.668713853354118,0.6200664580628695,6.640000000000002,8.623201714110804,5.529898989898991,8.502397714518928,4.460209100437721,4.612101133929374,4.4224490537335095,4.604642395898086,0.2786863789409246,0.269532912176056,0.27934247525762707,0.2702624800617274,0.5279075477211181,0.5191655922497715,0.5285285945505949,0.5198677524733837,0.9679831188320114,0.9539842699298452,0.9760350372311751,0.9533701570489381
Agaricus_bisporus69.png,Agaricus_bisporus,295.74757575757576,480.51943679216396,223.11111111111111,428.88082848688896,0.6950813406750734,0.6652632661769484,0.6908392373057677,0.6692411556463637,5.8924242424242435,8.180083664932148,5.307272727272728,7.616263646566675,3.838077525448935,3.9704338447739236,3.844785501446169,3.951300427490515,0.35993982246709516,0.3495296945903406,0.35921113661871223,0.35085163428900756,0.5999498499600572,0.5912103640755468,0.5993422533233513,0.5923273033458846,0.9779649504634936,0.9644138455416358,0.983373552191336,0.9682380810469339
Agaricus_bisporus70.png,Agaricus_bisporus,917.4742424242424,1157.5719824507703,517.6387878787881,1247.9221508009387,0.5602898484234904,0.5428412392836647,0.6103965680716344,0.5242869217968742,10.080303030303032,11.988062442607896,7.161818181818185,12.724517906336086,5.179304343136221,5.286426733455256,5.019958815213278,5.332005492550383,0.18706684521987557,0.1809081530538525,0.19031796755433125,0.17968670305011988,0.4325122486356607,0.42533299078939607,0.4362544756840109,0.4238946839134927,0.9497186511566091,0.9366385091297817,0.9716494837531761,0.9316930530770864
Agaricus_bisporus9.png,Agaricus_bisporus,259.9026262626262,387.28435873890425,185.030505050505,416.3377206407509,0.7809455787017004,0.745666777142577,0.784351929404966,0.7522352106032043,4.224848484848485,5.833282318130804,3.7266666666666666,6.050811141720233,3.0272837925161604,3.157693488382874,3.0112198790218883,3.151238138964124,0.4029901846750332,0.3870208090912226,0.405456330986634,0.38942657590260027,0.6348150791175594,0.62210996543314,0.6367545296161103,0.6240405242471039,0.9699773214003073,0.9556119509750675,0.9786276789867786,0.9522820409920318
Agaricus_hondensis0.png,Agaricus_hondensis,155.14979797979797,275.9256198347107,172.57191919191922,326.11080501989585,0.7115698728028665,0.6628097364673875,0.6903883115270694,0.66523331867014,3.7693939393939395,5.725844301601879,4.32040404040404,6.050811141720231,3.811746945738651,3.9815471904909177,3.913850668658619,3.978735180835447,0.36085992755841234,0.35223931442313616,0.3550418681767165,0.3525993981590658,0.6007161788718632,0.5934975268888121,0.5958538983481744,0.5938008068023028,0.9792460146317888,0.9633353794438287,0.9769796383212609,0.9566667979780772
Agaricus_hondensis1.png,Agaricus_hondensis,337.3679797979798,615.499132741557,363.281414141414,629.2997653300683,0.6546118277558243,0.6123303959030133,0.6349845277153188,0.6035289954480835,6.064949494949495,8.859810223446589,6.708888888888887,9.254259769411284,4.460379489073049,4.635383678379659,4.521685036325944,4.666996914338842,0.27955532598714417,0.2690870900036323,0.27634952555861625,0.26834251580953367,0.5287299178097871,0.5187360504183532,0.5256895714759959,0.5180178720947123,0.9754968791984481,0.9554693749966272,0.9736343422569796,0.9544709157593722
Agaricus_hondensis10.png,Agaricus_hondensis,451.5753535353536,656.4073053770024,333.63878787878787,669.4820936639117,0.7128191948806563,0.687617807994633,0.7118887696226958,0.6838933564467445,6.117575757575758,7.894908682787472,5.313131313131313,8.273033363942453,3.638443477356892,3.74528121281879,3.6333937935977074,3.774721741399938,0.3901581165187226,0.382002992079886,0.3924216814610753,0.3814987790757115,0.6246263815423766,0.6180639061455425,0.6264356961900203,0.6176558743149064,0.963397592402179,0.9471025901366759,0.9729569321957555,0.9460489418466228
Agaricus_hondensis11.png,Agaricus_hondensis,436.93939393939394,654.0973370064278,392.4943434343435,672.9119477604327,0.7796277073364031,0.7587724844114455,0.7746406157115788,0.7508548837815252,5.184040404040403,6.56484032241608,4.852121212121212,7.123150698908276,2.8941967418114385,2.991746940694126,2.9069313916736004,3.006297206446374,0.49295806550351995,0.48206212620017014,0.49266896235078056,0.48304715007092325,0.7021097246894675,0.6943069394728604,0.7019038127484282,0.6950159351201405,0.9619579157858815,0.9434652968209655,0.9658275196203402,0.9418391192259383
Agaricus_hondensis12.png,Agaricus_hondensis,406.88101010101013,592.4195490256097,275.15050505050516,573.7298234873992,0.6836510180095343,0.6503761900474834,0.6861621933994216,0.6496345575230684,5.747070707070707,7.686154474033262,5.1424242424242435,7.807162534435261,3.971276625293206,4.10324318578394,3.945170856460968,4.104512491237785,0.34121566166717676,0.3340580032182312,0.34464297520661163,0.33382176967401733,0.5841366806383389,0.5779775109969515,0.5870630078676493,0.5777731126264162,0.9747391525642207,0.963388053326298,0.9829182622544029,0.964543091568835
Agaricus_hondensis13.png,Agaricus_hondensis,682.3610101010103,915.0117334965821,453.92141414141423,967.2047750229568,0.7051727735496676,0.6837503389524802,0.7278756585108889,0.6944384133553941,8.021616161616162,9.947352310988677,6.032121212121212,9.588817467605347,3.6089384425445568,3.714331750322047,3.529777711041773,3.6927126057845276,0.3854292011019284,0.3764037912254082,0.3880944087338029,0.3772913131296477,0.6208294460654459,0.613517555759742,0.6229722375305363,0.6142404359285114,0.9619506841973091,0.9492648255683241,0.9746887659455894,0.9463708483994838
Agaricus_hondensis14.png,Agaricus_hondensis,400.7939393939393,649.2364044485255,432.13797979797954,718.9443934292417,0.8001678136075085,0.7806393428061622,0.7968433821008987,0.7780887241874045,4.977171717171715,6.707070707070706,5.199595959595958,7.369656157534942,2.5921734955985936,2.6916293783563052,2.6000065174964226,2.6860340611320255,0.5317365932047752,0.5202090835251331,0.5312896745230072,0.5215342816175135,0.7292027106400354,0.721255213863396,0.7288962028457874,0.7221733044204234,0.9624728486027472,0.9396871427443165,0.9595380423743327,0.9332113999175629
Agaricus_hondensis15.png,Agaricus_hondensis,263.0535353535354,452.74308744005697,229.93505050505058,400.26415671870217,0.6838497403204883,0.6404865924834668,0.6967945842664836,0.6527180620821352,5.240808080808082,7.620344862769103,4.819292929292931,7.013468013468014,4.073077315008004,4.231224506303741,4.010232114292862,4.194007938735768,0.314554555657586,0.3014795158268458,0.3198463983267015,0.3050732221967068,0.5608516342648794,0.5490715033826157,0.5655496426722427,0.5523343391431559,0.9740444523928792,0.9556203845480383,0.9773123162158965,0.9607645707970491
Agaricus_hondensis16.png,Agaricus_hondensis,545.0680808080808,889.0657075808589,475.16818181818195,861.3693500663195,0.6824215848462429,0.6420118958630822,0.698669733765621,0.6418691757759198,6.333333333333333,8.694112845627995,5.603535353535355,8.658402203856745,4.263618619112197,4.417969388164401,4.192513887806089,4.40975359581293,0.28223181818181814,0.2718447321054351,0.28476064177124827,0.2735482057644605,0.5312549465010356,0.521387314868165,0.5336296859913701,0.5230183608291974,0.9535899161794035,0.9247447454573173,0.9595416105277391,0.9270891126023881
Agaricus_hondensis17.png,Agaricus_hondensis,549.8221212121213,736.3188450158146,253.57696969696974,671.5119885725946,0.7504546035595504,0.7272065802890716,0.7637360995213643,0.7299557361302835,6.956868686868688,8.719824507703294,4.629090909090909,8.329456177941024,3.122085428322148,3.214619189889873,3.0723358993001115,3.206354116226431,0.4568326548311397,0.4468144834372151,0.46192142128354247,0.44803393988696655,0.6758939671510168,0.6684418325009402,0.6796480127856936,0.6693533744495254,0.9302082737279215,0.9072366438829411,0.9678121564034137,0.915401179591572
Agaricus_hondensis18.png,Agaricus_hondensis,69.60000000000001,146.7189062340577,125.72040404040408,185.42169166411585,0.9696463953028877,0.9664148481023651,0.9682439182074168,0.9634132556725952,0.8004040404040407,1.235792266095296,1.14949494949495,1.5600448933782267,0.43755119280128996,0.45426445964001483,0.44073664956617936,0.4649512926280033,0.9132907815529033,0.9106808855056555,0.9119443271094791,0.9089306388020496,0.9556624830728175,0.9542960156605788,0.954957761950485,0.9533785390924476,0.9746182226500143,0.9470110698848146,0.954152193912302,0.9330331903800101
Agaricus_hondensis19.png,Agaricus_hondensis,343.14040404040406,714.2026323844503,423.68545454545455,582.981736557494,0.8104298552650997,0.7688741884339783,0.8009594144033665,0.7791326656542391,4.067878787878788,6.6764615855524925,4.418989898989899,5.9236812570145885,2.612008938986448,2.7601737496976737,2.650192205041635,2.726472483410155,0.5209957249260283,0.5097544648348057,0.5208368737883888,0.511367765310622,0.7218003359143221,0.7139709131573958,0.7216902893820789,0.7150998289124547,0.9772855619183773,0.9530567985110939,0.9719538214968597,0.9616817022471582
Agaricus_hondensis2.png,Agaricus_hondensis,49.96484848484848,98.91429445974897,57.76030303030303,89.4211815120906,0.8418060377666687,0.8006238295448862,0.8397521740515226,0.7995578119690826,1.0313131313131314,1.5254565860626468,1.1308080808080812,1.484848484848485,2.687827970744544,2.849225731715029,2.696897998186982,2.8512641906413925,0.2178045862667075,0.20349744113553003,0.21690436690133658,0.20415301849942102,0.4666953891637537,0.4511069065482483,0.46572992914492467,0.4518329541981428,0.9643617728614382,0.9301303781351022,0.9588034087060405,0.9368359833825174
Agaricus_hondensis20.png,Agaricus_hondensis,340.6363636363638,539.3568003264974,172.82525252525255,336.2720130598919,0.7917350777672862,0.7737779349467357,0.8074758383579721,0.7781787628710372,4.543636363636365,5.907968574635241,3.0040404040404045,4.7593102744617894,2.783754143257613,2.8576235977905484,2.7151745604992215,2.8340069957868486,0.500301668197123,0.4923910937335663,0.5031957912457914,0.49469216512777303,0.7073200606494368,0.7017058455888524,0.7093629474717378,0.7033435612328963,0.9481245380051648,0.9185085611926346,0.9736804675713004,0.9491926491734021
Agaricus_hondensis21.png,Agaricus_hondensis,130.5456565656566,178.10692786450363,80.81737373737376,196.448729721457,0.7116770307558812,0.676859061643111,0.7158636577441815,0.6722434903640891,3.6400000000000015,4.525660646872769,3.0783838383838384,4.767064585246404,4.005744536006923,4.137042361410995,3.9783733513919177,4.159891001150057,0.2633013978165493,0.2554311359257053,0.26559474033261915,0.2533904601581679,0.5131290264802307,0.5054019548099368,0.5153588461767384,0.5033790422317639,0.9891231109036277,0.9852543768250291,0.9932662557883444,0.9837358435384496
Agaricus_hondensis22.png,Agaricus_hondensis,342.6559595959595,491.885930007142,322.9371717171717,587.7734925007651,0.754040911351449,0.723739398601324,0.7575238164743427,0.7199583100524032,4.892323232323231,6.368941944699518,4.587474747474748,6.997857361493724,3.215915626481979,3.334408820450614,3.204675608776863,3.3424279735634697,0.4382039179675543,0.42671948012775934,0.43727935924905625,0.42857779515448946,0.661969725869359,0.6532376903759912,0.661271018001739,0.654658533248051,0.9613632787633577,0.9448970406240095,0.9635867022558181,0.9341553459781143
Agaricus_hondensis23.png,Agaricus_hondensis,61.20777777777779,81.72533414957657,20.12070707070707,65.92184470972349,0.5650648168131004,0.5185434160119696,0.6090687069556774,0.500715911946119,3.079898989898991,3.7424752576267726,1.9825252525252526,3.5880012243648607,5.348340127677757,5.513072935099494,5.215649003113594,5.5685506940057845,0.040547408427711464,0.036219190625203616,0.041761488623609844,0.03336366137935551,0.20136387071098794,0.1903134010657253,0.20435627864983705,0.18265722372617926,0.9514634918467147,0.9356207825459895,0.9840421447347394,0.9480702452748273
Agaricus_hondensis24.png,Agaricus_hondensis,102.98323232323233,156.96051423324153,67.570101010101,138.68523620038772,0.8371163153929984,0.8208673400189563,0.8471877907838441,0.8204661080561244,2.305050505050505,3.0139781654933175,1.9068686868686868,2.8609325579022546,2.2584908126250984,2.3324489236003583,2.2274978147229842,2.3292394321671357,0.5668366748290993,0.5578924432550993,0.5688436639118459,0.5597176069886027,0.7528855655603308,0.7469219793627038,0.7542172524623432,0.748142771794664,0.9797467925705402,0.9693903630398063,0.9867113194943057,0.9729543143218529
Agaricus_hondensis25.png,Agaricus_hondensis,178.2850505050505,342.64870931537587,282.59353535353534,424.0138761350883,0.8568190158861995,0.8440743198756286,0.8499750755095586,0.8290608161255844,2.446060606060606,3.4551576369758177,3.076767676767677,4.239567391082543,2.106048471507366,2.1769749005473726,2.11716845229787,2.2161485045955494,0.573908494031221,0.5673818278716354,0.5717760942760943,0.563842905197993,0.757567484803315,0.7532475209860536,0.7561587758375183,0.7508947364298094,0.9881171584710058,0.977327553656188,0.981164914342444,0.971943767496126
Agaricus_hondensis26.png,Agaricus_hondensis,171.64242424242425,340.6009590858076,270.5983838383838,427.16743189470463,0.7830910517898997,0.7336467308755829,0.7514846965220343,0.7299020851668683,3.6363636363636354,5.679216406489133,4.856161616161616,6.527293133353739,2.9959170642539914,3.1669848202693394,3.0846158968963424,3.1781307410672923,0.4648713600652995,0.45493541556559247,0.46222187531884507,0.4542444799453206,0.6818147549483654,0.674489003294785,0.6798690133539291,0.6739766167644992,0.9835789717358852,0.9676224302336596,0.9741118565014096,0.9593934105024202
Agaricus_hondensis27.png,Agaricus_hondensis,328.09515151515143,439.08550147944095,237.23888888888882,503.3440465258647,0.6837722342971083,0.6436345284446918,0.6819334328020585,0.6554898004855388,5.326666666666665,7.118559330680544,4.606161616161615,7.002652790531579,4.011581080959245,4.122902145188894,3.9816799538900334,4.118326691366151,0.3458156769717374,0.3419922127305111,0.3515311396796245,0.3387870203624934,0.5880609466473159,0.584801002675706,0.5929006153476521,0.5820541386868522,0.974773091527135,0.9664312964422224,0.981764754718297,0.9615186403821853
Agaricus_hondensis28.png,Agaricus_hondensis,265.0210101010101,382.1308029792878,193.81595959595958,396.42730333639435,0.7945782549862561,0.7758447590655154,0.8097961454090686,0.772927887327879,4.134545454545454,5.161106009590858,3.123838383838384,5.458626670747882,2.6681875307415237,2.7443104633022695,2.623784343430696,2.751357495021665,0.5270888990919295,0.5204194841492208,0.530178986838078,0.5198283407402451,0.726008883617776,0.7214010563821076,0.7281339072163018,0.7209912209869446,0.9682369239646208,0.9545218345161689,0.9767709320133899,0.9528203788784371
Agaricus_hondensis29.png,Agaricus_hondensis,321.4760606060606,688.4564840322416,359.9732323232323,379.68686868686865,0.6591562363643053,0.5958419554903079,0.6453709040740934,0.604447759646234,4.876060606060607,7.9128660340781565,5.3665656565656565,6.1211100908070595,4.77064056377445,4.996413671490237,4.79173062250963,4.949340653800899,0.18239372513008886,0.1759630461092588,0.18495960106111614,0.17839640516516414,0.4270757838254106,0.41947949426552283,0.43006929797547294,0.4223699861083457,0.9699420338327671,0.935496450744357,0.9662353878712678,0.964434516514508
Agaricus_hondensis3.png,Agaricus_hondensis,326.0428282828283,778.649015406591,588.7748484848487,802.571472298745,0.6568405797705408,0.5986442953041516,0.6337312398855368,0.5933864896502818,5.808080808080809,9.825425976941128,8.203333333333337,10.10825425976941,4.753544693008771,4.977112196689096,4.85706488646297,4.990103675051983,0.1886526527905316,0.17378001601318332,0.18099465870829526,0.17376616523735094,0.43434163142684307,0.4168693032752392,0.4254346703176591,0.41685269009249654,0.9665909697723761,0.9206751810354941,0.9397171095337543,0.9182380822597827
Agaricus_hondensis30.png,Agaricus_hondensis,256.09141414141413,343.11794714825004,196.90606060606058,423.6223854708703,0.7022618723149597,0.6740825709004826,0.7224834611154154,0.6735280731197733,5.39929292929293,6.702071217222731,4.473939393939394,7.12815018875625,3.6449079477777926,3.7494187451244674,3.6004772209428193,3.775484717523897,0.3901402254871952,0.38198888104896445,0.3904100244872972,0.38122761409346256,0.6246120599917961,0.6180524905288907,0.6248279959215154,0.6174363239180722,0.9796295154172608,0.972846057980843,0.9843369836097658,0.9664750334726065
Agaricus_hondensis31.png,Agaricus_hondensis,693.3993939393938,839.3904703601669,287.29757575757566,875.461279461279,0.7503171766434311,0.72679407715891,0.791685740983355,0.7218811030867087,6.339797979797979,7.358840934598508,3.566464646464646,7.580655035200486,3.3394070454858564,3.437428294923004,3.1775410233148462,3.4546832996438894,0.3370407662483417,0.32968180348781567,0.34421941128456257,0.3287130767907311,0.5805521219049515,0.5741792433446333,0.5867021486960505,0.5733350475862531,0.9622325453148624,0.9544739430240157,0.9843517339812925,0.9525175690022774
Agaricus_hondensis32.png,Agaricus_hondensis,228.50808080808088,304.7940006121825,136.67535353535354,316.2036526885012,0.8552454884744417,0.8355603967115623,0.8664382598667528,0.8391591078745277,3.0454545454545463,3.856545250484645,2.292525252525253,3.771451892664014,1.9949441003488035,2.0683165775397336,1.9553235334944856,2.069049511079231,0.5651137128864405,0.5534335500727305,0.5690072186511581,0.5524966057271046,0.7517404558000325,0.7439311460563609,0.7543256714782801,0.7433011541273864,0.9237106801946079,0.899167586127191,0.9543697985712333,0.8953930277107083
Agaricus_hondensis33.png,Agaricus_hondensis,300.5241414141414,542.6642179369452,319.778585858586,531.529537802265,0.7223139288456895,0.6832198989430538,0.7208304822655115,0.6765305295894725,4.468383838383838,6.460361187633914,4.701212121212122,6.865523926129987,4.049456667428419,4.197448637959169,4.056479046531923,4.206275015361625,0.28717510968268556,0.2817416501657134,0.2868610754004694,0.28115019445063066,0.5358872173159998,0.5307934157143562,0.535594133090038,0.5302359799661192,0.9685143794642955,0.9432374969854449,0.9663017438506611,0.9444023068314528
Agaricus_hondensis34.png,Agaricus_hondensis,405.06606060606066,684.1670237730845,381.11666666666673,716.1609019487809,0.500206534790152,0.42572098816339143,0.48997888732537953,0.42666825819803117,7.9432323232323245,10.76186103458831,7.983535353535355,11.595653504744414,6.399179849599289,6.666284947456028,6.439356775298248,6.6828726844502935,0.07302384450566275,0.06732141746039523,0.07222669115396395,0.06695779425525619,0.27022924435682893,0.2594637112591956,0.2687502393561054,0.2587620417589415,0.972979913019763,0.9541156749597932,0.9745355586862247,0.9519699744882699
Agaricus_hondensis35.png,Agaricus_hondensis,113.69343434343435,259.64544434241395,123.9589898989899,171.16671768186916,0.6955508509485167,0.6356803756106318,0.6797851615138736,0.6601606851641871,3.024545454545455,5.04917865523926,3.3664646464646464,3.743801652892561,4.524071233826648,4.765253913620386,4.579958866025458,4.681560816837789,0.16169453117028873,0.14928693072543567,0.1583608050198959,0.15043988158976418,0.40211258519261583,0.3863766694890307,0.3979457312497471,0.3878658035838738,0.9854226833323293,0.9669248773925414,0.984104986783579,0.9781958039434036
Agaricus_hondensis36.png,Agaricus_hondensis,239.17010101010104,547.0108152229365,467.18373737373736,715.0980512192633,0.6755381278567343,0.6038835520207032,0.6328460912918237,0.6010239252917463,4.511919191919192,7.674012855831037,6.594646464646465,8.560555045403529,4.785091800404284,5.073919948807925,4.963573450325589,5.081080066056214,0.1627776298336905,0.15114338232572924,0.15663025201510045,0.1522249920650826,0.4034570978848811,0.38877163261448133,0.39576540022480544,0.39016021332919454,0.9820608211757504,0.9592258180431877,0.9650888818380999,0.9466965559872835
Agaricus_hondensis37.png,Agaricus_hondensis,158.79555555555558,237.59249056218752,137.609494949495,258.81522293643513,0.8887681215017041,0.8758192690247423,0.885808137486301,0.8772727326574112,2.122020202020203,2.9872461993674113,2.1230303030303035,3.0368329762269166,1.4886486445194613,1.5395303124588515,1.4949011352402668,1.5473450320355717,0.7204773747576781,0.7147749864170267,0.7199646413631267,0.7144275666937241,0.848809386586693,0.8454436624737492,0.8485073018914608,0.845238171578712,0.9800810267380152,0.9704507139015401,0.9827385606548967,0.9678112508897512
Agaricus_hondensis38.png,Agaricus_hondensis,218.10707070707068,378.6389143964902,317.5066666666668,540.7166615651464,0.7896851541004279,0.7638767147711805,0.783585130765129,0.7569956616052748,3.8729292929292924,5.592082440567289,4.549696969696971,6.638914396490154,2.758346103004637,2.8529046798262714,2.771782516891038,2.878641221094153,0.518609228650138,0.5105921843252296,0.5173013927150294,0.5063777019019681,0.7201452830159606,0.7145573345262293,0.7192366736443779,0.7116022076286498,0.9748579592820729,0.9566633354986396,0.9633997856389168,0.9381129206175386
Agaricus_hondensis39.png,Agaricus_hondensis,167.7078787878788,346.1314151617182,244.81898989898986,343.43556779920414,0.8578647424525874,0.8245760327250263,0.8256312856330792,0.8134889978439283,2.1426262626262624,3.704928068564432,3.1177777777777766,3.83715947352311,2.106730915880398,2.2051211148797245,2.1733374795212095,2.2249701964548674,0.617309233751658,0.6092746366914432,0.6144453372104887,0.60911341907406,0.7856902912418213,0.7805604631874735,0.7838656372175583,0.7804571859327455,0.9821007187001428,0.9633499377313287,0.9738707328515471,0.9636353870415477
Agaricus_hondensis4.png,Agaricus_hondensis,272.57818181818175,585.8971533516986,258.69434343434335,350.9052137536985,0.7186588773382593,0.6801369929218373,0.7109684214746917,0.6863726710047412,4.939999999999999,7.415365779002141,4.730303030303029,5.843485358636873,3.819590624003141,3.9821878556213726,3.836047180001107,3.9312180129251697,0.3551901081522293,0.3447830633816602,0.3551732374247521,0.34862863942147726,0.595978278255365,0.587182308471279,0.595964124276581,0.590447829550992,0.9730537155139718,0.9423860321209704,0.9744262313050505,0.9654938727759036
Agaricus_hondensis40.png,Agaricus_hondensis,136.35676767676767,242.850321395776,169.74323232323238,295.605142332415,0.8865635694766363,0.8710923230797588,0.87757443034061,0.8623430602485301,2.151111111111111,3.1943679216406498,2.570505050505051,3.7716559534741356,1.582393249345551,1.646203232543663,1.6080613401184214,1.669577199023601,0.7034622232425263,0.6942611597980719,0.6999099071523318,0.6918818036731175,0.8387265485499588,0.8332233552884076,0.8366061840270677,0.8317943277476214,0.9689349645404358,0.9451677549883052,0.9613288022224017,0.9332564457896169
Agaricus_hondensis41.png,Agaricus_hondensis,205.73515151515153,312.4772982348739,186.47838383838382,339.9424548515458,0.8530932651707951,0.8267150794644076,0.8465494656026006,0.8313804971188616,2.748282828282828,3.9567391082542587,2.7034343434343437,3.7851239669421486,2.1507850062743104,2.2388241906413144,2.1538392111741342,2.2429348953510524,0.5530215692276299,0.5429376809508089,0.5553494898479748,0.5400070577016034,0.7436542000336109,0.7368430504190217,0.7452177466002637,0.7348517249769531,0.976832980722211,0.9651074981205296,0.9790014089402872,0.9620406256332142
Agaricus_hondensis42.png,Agaricus_hondensis,161.68020202020202,323.3353739414346,232.6068686868687,334.93582287521673,0.8862246527746279,0.8604382575821794,0.8634200222264622,0.8525662649861596,2.0759595959595964,3.43515967758392,2.766868686868687,3.5714722987450256,1.6741794229340479,1.7571744620496004,1.7206034589387864,1.7690662836840452,0.6892732731353944,0.6811888746029665,0.68758709315376,0.6818590002263278,0.8302248328828731,0.825341671432484,0.8292087150734488,0.8257475402484271,0.9786513183731191,0.9576643936659249,0.9692859736580416,0.9561455000373912
Agaricus_hondensis43.png,Agaricus_hondensis,64.15515151515153,185.1258034894398,132.59434343434347,147.1111111111111,0.968893153259348,0.962636127378303,0.9646268630944663,0.9630867967659053,0.7698989898989901,1.5267829813284353,1.2173737373737377,1.294561779410264,0.444058183966744,0.47551078090241733,0.4609111042866897,0.46615321002865745,0.9146385317824718,0.9102867864296035,0.9123206611570251,0.9112607546641794,0.9563673623574112,0.9540895065084845,0.9551547838738103,0.9545997876933451,0.9725289004720915,0.9214944637468186,0.9432233839481734,0.9376151976175601
Agaricus_hondensis44.png,Agaricus_hondensis,587.8421212121214,895.8001224364858,589.6957575757576,1025.3609835731042,0.6965244174240414,0.6695848983108932,0.7008193604242268,0.6664079409461237,7.843737373737375,10.262320171411076,7.446666666666667,11.003673094582181,3.856876708849984,3.9672777584513463,3.8418137380212847,3.985590204919118,0.36622944087338044,0.3576283488831064,0.36599638812366114,0.35554875456957175,0.6051689358132821,0.5980203582513779,0.6049763533590888,0.5962790911725581,0.939871952621713,0.908973470227769,0.9396774964193598,0.8958081722018086
Agaricus_hondensis45.png,Agaricus_hondensis,47.75626262626264,92.09060299969391,81.23989898989899,133.69156208550152,0.5020309970213673,0.4173599072137457,0.4760745884103016,0.40138313335216763,3.2574747474747476,4.804611774308745,4.217070707070707,5.636873788388941,6.252929124153983,6.524467872504557,6.343125549728143,6.608865485292981,0.017668962350780533,0.014220155880097816,0.01680677481889603,0.014131263151925859,0.13292464914672722,0.11924829508256214,0.12964094576520194,0.11887498959800526,0.9779626605659033,0.9577439003216471,0.9624834787578525,0.9386541390017751
Agaricus_hondensis46.png,Agaricus_hondensis,146.56929292929289,127.72329354147531,72.29494949494948,234.84828078767467,0.905000695830379,0.8977383878622511,0.908901142185145,0.8945528308582468,2.0141414141414136,2.1232527293133345,1.4272727272727268,2.7744107744107733,1.2436335110092636,1.2740274974173709,1.2319898838821657,1.292945156570941,0.7685674012855829,0.764954129884424,0.7699853790429545,0.7635253138309407,0.8766797598242946,0.8746165616339677,0.8774881076361972,0.8737993555908248,0.9565871329032202,0.9625068518866164,0.9785867082288052,0.9310603326018486
Agaricus_hondensis47.png,Agaricus_hondensis,252.43232323232323,441.34414855626983,246.50181818181824,409.0915212733395,0.8052024201447487,0.7717563093395803,0.800062828661708,0.7822167564338339,3.721212121212121,5.80818283848587,3.97919191919192,5.269462299765331,2.534357283633921,2.658599978410538,2.5510683438247517,2.62494748691884,0.5496289664319965,0.536458802280472,0.5491759208244058,0.5397469119198194,0.7413696557264781,0.7324334797648672,0.741064046371436,0.7346746980261532,0.9569884747983861,0.9253731509999168,0.9579989637253659,0.9308267453298128
Agaricus_hondensis48.png,Agaricus_hondensis,46.094343434343436,88.4515865727987,66.21454545454547,106.82828282828281,0.9534050285552137,0.9445897268684236,0.9483897566625188,0.9455882785089067,0.874949494949495,1.3127231915110702,1.0793939393939398,1.4318947046219772,0.6387226405704828,0.6716330611951841,0.6474971705563195,0.6649448709428468,0.8739712070196921,0.8681747595432967,0.8720863228242021,0.8691260751749323,0.934864271977324,0.931758960001618,0.9338556220445439,0.9322693147234506,0.9603710229749214,0.924693014161047,0.9430729563534874,0.9090472393558716
Agaricus_hondensis49.png,Agaricus_hondensis,25.341212121212127,32.97418630751964,18.95232323232323,43.83287419651056,0.8660696233307678,0.8524735295985839,0.8748876254530199,0.8460965613116059,1.2844444444444447,1.517600244872972,1.0945454545454543,1.8014488317518622,2.015255031601385,2.076312873250029,1.978012019218636,2.079549533002878,0.5446333384348537,0.5358943454283138,0.5517096571778388,0.5399258164730458,0.7379927766820308,0.7320480485789944,0.7427716049889352,0.7347964456045265,0.985593284152296,0.9814235470070076,0.9892259954038295,0.9753061585973529
Agaricus_hondensis5.png,Agaricus_hondensis,112.88646464646467,195.73104785225993,107.01191919191919,164.84440363228242,0.8449549661398907,0.8310716311909595,0.847021455605029,0.824580958005867,2.2860606060606066,3.1917151311090697,2.256969696969697,3.044383226201408,2.045614050926538,2.12203982043032,2.051331913343659,2.121682910948097,0.6230410009182739,0.6155144242166899,0.6233577390062238,0.6174280070141037,0.7893294628469621,0.7845472734110354,0.7895300747952695,0.7857658728998758,0.9835748979317802,0.9717424334259515,0.9844296506162362,0.9762015185576766
Agaricus_hondensis50.png,Agaricus_hondensis,116.60383838383838,200.73176206509535,105.89777777777779,179.89613304764814,0.846534795050477,0.82425826021247,0.8437468236267186,0.8207031030978259,2.307272727272727,3.271911029486786,2.288686868686869,3.1249872461993666,2.2502598673029364,2.3353117305696123,2.254404354009834,2.3410949685978446,0.554815421895725,0.5460983644935186,0.5549684930109176,0.5458998627320966,0.7448593302736598,0.7389846848842799,0.7449620748809416,0.7388503655897428,0.9856608646241235,0.97551516068195,0.9869774220762658,0.9780566470084499
Agaricus_hondensis6.png,Agaricus_hondensis,128.6921212121212,422.5015814712784,386.3656565656566,507.8149168452199,0.8006947377324335,0.7624525658239056,0.7721670074169147,0.7446782702364937,2.54,4.802163044587288,4.642626262626263,5.664728088970513,3.0196070982914245,3.1991889434589424,3.147284562732995,3.251064724982168,0.3989812570145904,0.3874499176818359,0.3911303132333434,0.3853875054092719,0.6316496315320625,0.6224547515135826,0.6254041199363364,0.6207958645233326,0.9933565268415673,0.9782998066512363,0.980050687114696,0.9739180103360708
Agaricus_hondensis7.png,Agaricus_hondensis,4.7476767676767695,17.042444648505253,12.67707070707071,15.961738598102237,0.9378657002584349,0.9207104767491326,0.9299126430338327,0.9217955973025167,0.3721212121212122,0.6704417916539127,0.5697979797979799,0.6547291092745638,1.0496419865772724,1.1193741023508228,1.0818785219069096,1.1253909330722867,0.7007560963167027,0.6835380983937255,0.6942103101724318,0.6817039766800617,0.8371117585583795,0.8267636290946315,0.8331928409272561,0.8256536663032883,0.9851092454437357,0.94706184432854,0.9602956377347002,0.950418791428048
Agaricus_hondensis8.png,Agaricus_hondensis,254.20404040404048,502.2297724721967,175.73393939393932,232.43097643097644,0.8570029935969672,0.8392595458067678,0.8683042083985438,0.8510822549396542,3.2177777777777785,4.852362003877156,2.464242424242424,3.117436996224875,1.975682090099022,2.056798685173364,1.9297650761004792,1.9972568049406656,0.6084036577900218,0.6012111116305804,0.6148886032037545,0.6080633106106698,0.7800023447336693,0.7753780443310091,0.784148329848221,0.7797841436004388,0.9767614781022272,0.954096867165219,0.9838064789419375,0.9787561180741836
Agaricus_hondensis9.png,Agaricus_hondensis,40.736262626262636,70.56963575145393,21.464242424242425,43.72257932863993,0.7406773881881981,0.7020148130404531,0.7467714292886716,0.6950073547403853,1.8221212121212127,2.5694316906438117,1.4634343434343435,2.132333435363738,3.899690418534316,4.072907340050293,3.908773776404686,4.079023960135508,0.14958815426997246,0.13816190013114873,0.14803149678604227,0.13587744342181893,0.3867662786101866,0.37170135879647886,0.3847486150540925,0.3686155767487572,0.9691989528397865,0.9470570147970385,0.9841045181967945,0.9671983021340194
